molecule_name,pIC50
CHEMBL133897,5.575483167613273
CHEMBL336398,5.347131635056981
CHEMBL131588,5.953319463926951
CHEMBL130628,6.539066188842092
CHEMBL130478,6.47655625134482
